"","PTC","PTN","CVBFAvg","logKSb","p"
"1",-2.2468672153411,-19.1611366397282,-0.312843517507289,0,0.807770828281222
"2",-2.15758905213993,-22.9497830036208,-4.1488986930884,0.066752896920392,0.467230455151439
"3",-2.50532502506672,-45.0155825838664,-2.21877673563036,0,0.111194315777797
"4",7.50833055629094,-1.72181365840376,10.4533428543889,4.91666704344628e-06,0.929626237172537
"5",-3.96069338285508,-20.8520080438977,1.97947513629986,4.91666704344628e-06,0.775325143329106
"6",2.37953260396212,-9.15236426668426,8.31336796503589,0.242813383263338,0.822650340582889
"7",-8.70622280982347,-51.8700383747315,-7.85965294262901,0,0.0869660317436365
"8",-3.7135978171251,-25.3308715096423,-5.13844927628671,0,0.514761295527321
"9",3.79647490388157,-2.17987382657169,17.9498470429714,0.066752896920392,0.991475106034818
"10",1.27064313051769,-12.5643784822619,7.77235291795929,0,0.857470654509112
"11",-5.78205940200916,-34.353799243191,-10.2513526767109,0,0.404282516035458
"12",-3.38483432191484,-18.6759778929052,-2.16564711079811,0,0.595325510518967
"13",4.67270922196257,-8.13673302435535,18.4902095215608,0.00819468472626163,0.990132464793826
"14",-8.55281741089711,-41.0377517033325,-12.4716180485105,0,0.367383127824879
"15",-7.4700880444928,-31.713266835498,-7.65908374892877,0,0.378603072298166
"16",-6.24180253200277,-27.2838421147255,-4.58446643762937,0,0.480117177139442
"17",-8.30951552452233,-37.8326446592939,-3.43149078597661,0,0.335882656568674
"18",-5.61671638734498,-52.324672667794,-3.34344099762069,0,0.0602674405215636
"19",-1.53768002737402,-40.5393972326341,-2.95233082685805,0,0.151656318156636
"20",-0.028117249108405,-6.14871368392554,11.7304100520021,4.91666704344628e-06,0.891259646928536
"21",-2.82421411722332,-41.4671719890571,-10.2986784862202,0,0.123804310829439
"22",7.20548605781513,-0.785316932827286,20.1118532251203,0.173545700506605,0.998507346840154
"23",-5.96563590503021,-36.6796073887603,-2.39575497308857,0,0.254559378050965
"24",-2.44193022002852,-49.6501077605517,-4.8165215903365,0,0.139911917089412
"25",-6.14531546050446,-49.0673569285306,-9.0360409220997,0.173545700506605,0.01536746788899
"26",-6.61517634434023,-28.8135046952732,-2.71102675862645,0,0.662898160247943
"27",-1.31403416374089,-30.091997994835,-4.22192047592506,0,0.353176051846696
"28",6.63322677985981,-9.00987930869935,6.76187520328804,0.242813383263338,0.76419446704331
"29",-5.49568218366291,-49.9874593317619,-6.90325488308723,0,0.028008961753574
"30",5.83865840151494,-3.89044910847845,14.9362386284266,0.00819468472626163,0.918798961862542
"31",6.24287607428612,-0.959478625517384,17.9179767991912,0.114605780763685,0.990598656271608
"32",-0.0559622441463752,-11.1527456258365,4.03718276362088,0,0.841724572535287
"33",-3.10388423765971,-46.1981108078584,-0.00480645001155153,0,0.00730660926130099
"34",-6.27993626022586,-44.446260005106,-9.7385961920103,0,0.355982140011656
"35",-3.38204909022719,-27.7590765668971,-7.78262995603173,0,0.534807358174174
"36",-0.417607747773857,-19.8127979768086,-1.12210702768108,0,0.666091200008601
"37",-5.33369346467206,-36.1395709636874,-9.96014927341817,0,0.324153138035999
"38",-5.03980051617165,-39.2837435293859,-6.66623915143186,0,0.414919210998632
"39",13.3174679131751,3.55507551597812,22.7974607852079,0.114605780763685,0.961639640341435
"40",-1.68897292885166,-30.7661585383586,-6.61600033246755,0,0.308815185697318
"41",-5.08594094241481,-42.5778921356963,-12.5559415579417,0.0308860351553358,0.217851841394645
"42",-6.02896698738992,-27.9142226737245,-5.0219056225154,0,0.420396369161986
"43",-3.34474293682747,-32.0427288871378,-6.51082944058312,0,0.269097276506051
"44",-1.42148287659483,-53.2986136562288,-2.09944162346355,0.114605780763685,2.86575679778006e-05
"45",3.98028665977358,-6.59440239396201,6.92080993618752,0.0308860351553358,0.944798050046246
"46",-2.90744451108021,-43.7694405487692,-5.08962713428421,0.00819468472626163,0.146872035219031
"47",4.34627355487367,-9.5659679276489,3.77646886784933,4.91666704344628e-06,0.779187490758556
"48",1.58093745118592,-9.78241191266596,6.77424404251865,0.173545700506605,0.832004038811736
"49",-3.80201151722854,-21.132241264631,0.252798306815832,0,0.719726882845949
"50",-1.45975056954232,-19.9431677225245,3.53842744012837,0,0.865033386656775
"51",-5.42197766316868,-51.4228970876143,-9.24305869963794,0,0.00308549304097003
"52",-4.76261138875036,-36.3159589627049,-7.58274539866816,0,0.467142408363256
"53",10.3716265546458,-0.495368196053505,22.6952439486535,0.321779830544484,0.994865289036657
"54",-5.4039725079252,-51.3272381796228,-5.41459360953678,0,0.104199132701101
"55",-2.06212922239335,-36.0844964543014,-6.82445028528666,0,0.286094307480823
"56",-1.19427751126548,-22.1454226507601,-1.68605354408131,0.00819468472626163,0.624604670762758
"57",-1.35885659933225,-16.6983233665767,1.32678201268388,0,0.815367006614044
"58",-10.091242571486,-46.0711838808369,-10.5366995676816,0,0.368589863411615
"59",5.57197633359201,-43.4568905466001,-7.54550380333903,0.409920551378135,0.00779805433993194
"60",-1.93652182849429,-46.8528761359043,-4.70260075901427,4.91666704344628e-06,0.0846389795378402
"61",-10.2662841664492,-52.3679009077849,-11.7737309614423,0,0.254468520563052
"62",-3.83386626717685,-49.2575630822162,-10.2107074517243,0.173545700506605,0.0186470848392866
"63",-7.9469294865195,-34.7856386837655,-7.0044617906482,0,0.311393753078833
"64",-2.75888189877813,-36.6792573062013,-8.05309142592958,0.066752896920392,0.209937547035201
"65",-3.13244433707495,-24.491184103027,-7.70224023316188,0,0.596969755554184
"66",-3.06655474420993,-25.7084466344136,-7.17707695074152,0,0.552657911491164
"67",-4.23237721388319,-42.8363966253633,-6.80132369162898,0,0.000621532015774806
"68",3.68619961704287,-2.12782328944908,20.0058797079333,0.00819468472626163,0.999208984147468
"69",-1.93174541794646,-45.607763347191,-3.8436133694631,0,0.18403685995582
"70",-3.69554634329705,-21.79905013387,-2.46235315842703,4.91666704344628e-06,0.625640750380906
"71",-4.75716956939163,-32.0751383503468,-5.37451967302778,0,0.582430676009526
"72",-9.59494223420909,-42.2038262349993,-11.5860547358137,0,0.181234527470557
"73",-1.4097299995075,-40.2240962696107,-6.65512320256471,0,0.193176321842388
"74",-7.13185502491728,-26.2485291449213,-7.56997772263572,0,0.776209326705962
"75",3.82232884389094,-1.60284828616056,18.2772643284519,0.00819468472626163,0.991348894855865
"76",-3.83231251709073,-37.2359804255667,-14.2017867902028,0.00819468472626163,0.372640851398808
"77",-1.48984415609214,-24.8288579816521,-9.1751189819206,0,0.589422036391198
"78",-3.87557212160845,-46.2177194297809,-1.5884362570372,0.114605780763685,0.0554006314713584
"79",-2.37686042644377,-36.495915772606,-8.75505820417467,0,0.398684273420165
"80",-1.66933111947071,-35.1975262225826,-6.81353890705024,0,0.350482390240731
"81",-7.24565439908345,-46.3639407782686,-8.19542239161241,0,0.222319009988202
"82",10.965699589916,3.02209844293639,19.9747190473541,0.00819468472626163,0.999827748471201
"83",-10.0039118295934,-51.4245593292428,-16.2769651518732,0,0.0312565115990519
"84",-2.37998408439127,-49.9066544957769,-3.96775506186374,0,0.0789570777705694
"85",-2.04944387075769,-14.5441292130536,-0.302855682002587,0.066752896920392,0.716444602602858
"86",-4.04148590183821,-28.5722630565345,-6.04167007366471,0,0.674293819376385
"87",0.757573994703002,-18.375446873224,-3.44467543822852,0,0.602680837207514
"88",-1.43057571125619,-13.1744056402869,0.560011952912585,0.173545700506605,0.831204282656966
"89",-1.71438817685703,-31.3331261616419,-4.79785099337322,0.00819468472626163,0.284632087124151
"90",9.46665567163068,-0.333998267510353,20.9898620781368,0.066752896920392,0.994809571464144
"91",-7.61235708048546,-50.8954953625034,-6.56201787249537,4.91666704344628e-06,0.00304337599879584
"92",-6.51543586819448,-39.0643024929265,-10.0260215122634,0.00819468472626163,0.319413999591589
"93",4.54025940855721,-6.03317080380022,6.97444803858932,0.506795107112065,0.737552888786115
"94",-5.63003117278048,-42.2478019264791,-9.98920294645453,0,0.261038161940729
"95",2.77529786826218,-11.673190451183,9.50033755432238,0,0.899286027049442
"96",1.65941595217564,-5.01218229221383,13.9373885409571,0.066752896920392,0.939615702382505
"97",1.14245778877456,-9.88019608259393,10.9137428435523,0,0.990047060742474
"98",-5.45179972666313,-36.6709878232535,-9.81424831621812,0,0.328718886403434
"99",-1.18730797035586,-12.6343268419891,2.60647627136283,0.0308860351553358,0.900343939386528
"100",0.147373633601379,-13.8196341909453,-0.351947519322675,0,0.838835599425757
"101",-5.6993162091573,-47.6409441890457,-8.61138755387603,0,0.0685085056115292
"102",-0.747796651519501,-52.129922474431,-3.72784235577519,0.409920551378135,0.0298997716192564
"103",-2.11566906654809,-38.1878831741404,-12.7108634968111,0.173545700506605,0.359271102663174
"104",-4.31142102819903,-30.2115800408267,-9.35967596816489,4.91666704344628e-06,0.505832908581265
"105",1.39232768540198,-12.3936363826681,5.65762645407575,0,0.840135306592333
"106",-3.75231940929087,-54.6412687880832,-4.7251734183459,0,0.0224143160132102
"107",3.40075395316339,-2.80320288705264,19.1953911628184,0.066752896920392,0.994550309461419
"108",1.11960777070761,-6.49553908168144,16.9196167793351,0.0308860351553358,0.992052054859596
"109",-4.30506011867284,-31.8652437312651,-3.60328035992563,0,0.423275288891671
"110",2.328781431481,-26.5000396482144,-3.27028233261838,0.00819468472626163,0.304975392680319
"111",-3.87761531908519,-50.4939712811635,-3.66857443437812,0,0.169938429638544
"112",6.88249897635054,0.990197734056181,17.8762178138598,0.409920551378135,0.935468706893887
"113",-6.86670599697577,-47.6942931895836,-12.246495383653,0,0.0488898435144729
"114",-2.83871749676346,-20.8105958477052,-2.84718190311802,0,0.756467811488547
"115",-4.68939712099618,-47.4151250704904,-12.3043007618246,0,0.0152324508254933
"116",-5.09562549197285,-41.1333008850225,-6.89614339230291,0.0308860351553358,0.00214369540717044
"117",-2.237092166453,-24.961450361018,-12.0460420212869,0,0.473426780687068
"118",-9.56309369996604,-42.2021361418937,-10.1663561113328,0,0.0893148434187887
"119",5.43981791858177,-0.0454984023312122,17.0689360337722,0.066752896920392,0.959502308406256
"120",-2.84277551535194,-44.417166828447,-6.32128753206058,0.242813383263338,0.0679570647510663
"121",0.157175182878625,-31.7565317913419,-8.56823116619165,0,0.420004117856131
"122",-3.18635782000614,-28.0343961613075,-2.95471571612623,0,0.52297396151469
"123",6.15662517158692,-3.38839563084767,13.5106046996714,0.173545700506605,0.965486346625507
"124",-1.25623886758191,-37.5378460231477,-2.62760775770003,0.974945749747892,0.270075926386967
"125",-10.9034119211595,-38.027355377606,-11.9210118109428,0,0.396840904013451
"126",8.31732578003781,-2.87631197317356,17.8110832747874,0.066752896920392,0.974052387532338
"127",-3.15049680266011,-39.0706532936805,-10.6080387828668,0,0.355654013290858
"128",-0.167170427477885,-52.7907551086235,-8.32740477934519,0,0.0446116848132161
"129",-3.16700724290934,-25.6654378711292,-2.56187977061731,0,0.722054711768998
"130",2.54426494045901,-12.3688638026433,5.76731188837405,0,0.727210515012171
"131",-7.31605674985713,-44.3947731256246,-3.86653691398008,0.066752896920392,0.211905970125435
"132",-5.63764249311812,-40.8579367924384,-14.6022413606035,0,0.183095825205359
"133",-9.12898151620678,-35.0564820013175,-10.4244169231198,0,0.497524160235833
"134",-6.79554665848526,-41.6791100572262,-6.82879610520968,0,0.238409771691995
"135",3.9334522594632,-7.55701315967191,11.9394524302149,0.066752896920392,0.92499431667661
"136",-2.98476263912694,-17.934283875873,-4.17480377699523,0,0.638080293578799
"137",4.0720289051154,-4.41632539964949,11.5694651998127,0.066752896920392,0.936206237907958
"138",14.6598107078128,2.57289892943798,19.8079007456987,0.0308860351553358,0.983298066402296
"139",-5.44044390372097,-34.2845414044704,-7.06850424145406,0,0.322660340844338
"140",-4.73303705135398,-20.1578934502394,-4.82673583685804,0,0.644884063232603
"141",-1.62161948994017,-51.0179989650433,-10.8717971012731,0.0308860351553358,0.00232904005438202
"142",-5.71557434453516,-46.8910699654774,-14.6874266281167,0,0.00517834399197251
"143",-5.94788409571839,-44.68198395423,-5.74622436757332,0,0.165224905811896
"144",-5.87924613498567,-36.2275709963814,-7.35040421941328,0,0.461398844432381
"145",-2.66337197812505,-15.5711731854578,6.13055737168609,0,0.842853087873116
"146",-6.01253900965519,-50.2822233189221,-4.46976209694079,0,0.0626147637633312
"147",1.95466005622046,-11.279288054684,6.34049475109022,0,0.761498884641889
"148",11.7645981772841,2.7483031903655,22.9755430916315,0.242813383263338,0.980840690518748
"149",-2.95325113033763,-19.3579643982483,2.71311115839316,0,0.910747679608242
"150",-1.76323288887448,-35.0030957185687,-10.2610488521294,0,0.246024280292832
"151",-8.4913383490067,-44.2545203505723,-5.98490274312996,0,0.201765150468641
"152",-7.07916793030567,-42.2973441054612,-10.3321055255577,0,0.387388050707652
"153",-9.24652659540244,-47.8656224413686,-10.7954042153293,0,0.249450570335281
"154",3.96981635110162,-3.77514894278779,14.9755441209413,0.066752896920392,0.956484015253503
"155",-5.90174067227364,-49.988744164134,-10.4814598238924,0,0.0455155291217952
"156",-6.73657043927191,-49.9681151521628,-10.6627113273058,0,0.0841130952855343
"157",-1.33776813149307,-21.1359049515471,-0.810286873579942,4.91666704344628e-06,0.67836613158047
"158",5.80157549834452,-6.88847269132839,11.2383774472184,1.25392357402708,0.895344805744906
"159",-3.35838141907651,-26.9098379621017,-4.84175225150618,0.242813383263338,0.560555230851231
"160",-5.94601134050347,-32.2798525848178,-6.68574785885971,0,0.377950544797356
"161",-5.77152350098638,-27.4834050400278,-8.04975428693806,0,0.574886564395441
"162",3.42879369422042,-8.08536378248662,9.58221749977042,0,0.887171304033979
"163",-7.1477507056733,-23.7926590586149,-4.93541090893179,0,0.63824336895649
"164",-7.35937208938102,-49.6041434369756,-1.4748625575943,0,0.0668926734520547
"165",-6.27056816083719,-33.25877370794,-7.96872815424207,0.114605780763685,0.60914060894127
"166",9.31743308507064,0.904330174877295,21.2058433236569,0.114605780763685,0.997056077635569
"167",-2.82239874965663,-25.3876293745286,-4.93360274703402,0.846360595750931,0.535719040811674
"168",0.512896790602888,-14.7526346689661,4.45089340224093,0,0.836146615043535
"169",6.07051465684042,-9.2219482484259,3.7117483747943,0,0.817684427883261
"170",5.63476698445396,-1.62764937080598,19.1061179462127,0.066752896920392,0.997352542312913
"171",-2.98832011457823,-40.968220173954,-7.85242100933132,0,0.0974554351808314
"172",-5.40536186260853,-26.3956576622618,-7.88069698144595,0,0.490073472685278
"173",4.71425795538359,0.146219475564699,18.6259758137326,0.114605780763685,0.995097219532093
"174",-3.67600013461723,-38.2645935878266,-10.5855605155783,0,0.160998352981404
"175",-2.34349605975865,-48.5850684785861,-5.26816218511793,4.91666704344628e-06,0.0583726227737368
"176",-0.17585174442312,-15.6517794752252,-2.53849035629886,0,0.84517567717796
"177",3.47522179818051,-3.11575715171107,15.3845867007839,0.0308860351553358,0.944378710659758
"178",11.4029996153498,-1.27973662781043,15.1313629181087,0.0308860351553358,0.938644897446186
"179",5.90084161857255,-4.18961653657602,8.04905306693639,1.56087879184431,0.879703695571127
"180",-6.34116005112656,-42.4414258863146,-14.95966292767,0,0.253172174155765
"181",-7.18724699012215,-41.4342521375522,-7.7197028204327,0,0.220355765960027
"182",9.64282353165813,2.03461506984745,22.3324892390001,0.409920551378135,0.954167124034003
"183",6.94808802524702,-2.40528756328761,12.1096858382544,0.0308860351553358,0.932882468002064
"184",-3.15040641626236,-47.3768309655543,-7.4814667597117,0.409920551378135,0.085671425386535
"185",-6.54053984876015,-35.9474400019975,-8.10219912507381,0,0.528927051506731
"186",-1.180138010751,-20.6014218297352,-3.54183293328904,0,0.539320282582968
"187",-8.5758370473953,-30.6934925886063,-8.83158998736634,0,0.412608600342293
"188",-9.87249103701788,-45.5811674852988,-7.78803406443482,0,0.172808567748566
"189",-7.50531216702915,-50.3360744947428,-12.1501152808486,0,0.18084274367135
"190",-1.44054801700765,-32.8473729802811,-6.56064743744845,0,0.41227877676652
"191",1.99216500540983,-2.48385597909039,15.3846556915864,0.066752896920392,0.973362340493073
"192",-8.15164575115391,-27.9873117913618,-7.1274855840257,0,0.590541746188339
"193",-4.33858515828611,-42.1641858518999,-6.11661313126779,0,0.132342877030407
"194",-4.46646329808899,-47.748985693706,-5.46671350893909,0,0.0460772108281533
"195",-3.82051441256088,-26.2564209886326,-7.02565648778223,0,0.760601856753482
"196",-7.03609165953695,-44.1366244135121,-4.42967621510597,0.114605780763685,0.123710764082339
"197",-2.18862031146075,-12.9684618016022,1.99318252819503,0,0.88279649668307
"198",-10.2286241057341,-40.6424791295723,-15.1201040587781,0,0.321959554456474
"199",-4.3779700407216,-52.4286320202375,1.4876665596443,0,0.0281757951547285
"200",4.8349156891238,-2.20080842684722,18.7847848973096,0.066752896920392,0.990180691610516
"201",1.7373302895214,-13.8777355066515,-5.46354095030877,0.72531031560872,0.758912713532078
"202",-7.68465070611592,-55.4694131369173,-12.571957859783,0,0.000370821085091878
"203",-5.74383793757703,-48.2816713066835,-6.2818447911081,0,0.000946583552386081
"204",-4.55800212312774,-28.10726756181,-6.31369668904435,0.242813383263338,0.397261026119625
"205",-5.25676542803455,-40.2686031098726,-9.07481355010236,0.0308860351553358,0.374280683097572
"206",-6.02904236969724,-44.7402670448578,-8.61515967842445,0,0.0815997546291292
"207",-0.974720006925871,-46.255869238457,-13.2127687345299,0.0308860351553358,0.0863742317264715
"208",1.17711905535347,-48.2775676348574,-8.85304449737863,0.00819468472626163,0.0551595135009239
"209",7.51602838100607,-5.45300032960561,12.9813854500517,0,0.815729385407321
"210",-8.82629920199241,-31.5197450964352,-10.2977211895867,0,0.667059771614318
"211",10.8598490342525,-0.437525085958455,19.8403243383143,0.0308860351553358,0.908625154417503
"212",-3.42499596078989,-29.6621340805339,-4.15787202927985,0.242813383263338,0.678888803510323
"213",8.37944465964826,-6.20973241341562,1.41074257479726,0.066752896920392,0.80039817331896
"214",0.951506262880443,-9.59067835109016,-0.419101313225133,0,0.869053313761994
"215",-8.34340259595472,-41.9342585999871,-9.2156425526917,0.242813383263338,0.188381176061548
"216",-1.63696892112063,-43.6566231422683,-8.81668618304847,0,0.0277984539765957
"217",8.63260627014358,1.62445376928591,14.7651602013464,0.066752896920392,0.939009455063453
"218",-0.152457048176721,-19.4238683032174,-2.70114410026156,0.0308860351553358,0.649354118691326
"219",-6.13514500187172,-46.194939541678,-8.2188905963916,4.91666704344628e-06,0.0235642598957439
"220",-2.31084056171522,-52.4443021188461,-4.14413932108452,0.00819468472626163,0.00150687724943359
"221",-4.15790072726345,-48.3842676858342,-3.75137968284984,0.0308860351553358,0.00240119160302321
"222",4.51354562024475,-5.45299123799224,16.5305997268455,0.066752896920392,0.984689060172665
"223",-6.05371584716532,-25.7659153132653,-8.21010282890661,0,0.713961648654724
"224",5.23722109958115,-1.44791727808131,19.8454582273011,0.321779830544484,0.971726277410313
"225",5.60449197679375,-1.79925271999929,24.0296934120381,0.0308860351553358,0.998476856157536
"226",-4.68985830976806,-22.4506984094601,-1.75489786313528,0,0.645236500132045
"227",-6.20150189357343,-30.2310414382116,-9.77772513531186,0,0.727023730532725
"228",-3.2748545990786,-32.027779592252,-10.8953296118584,0,0.448054699659362
"229",-1.85740870928006,-17.0842393240357,-2.72486039583919,0,0.7378644713009
"230",-1.56032729263536,-17.5099363396225,-1.76357104680294,0,0.82344734928208
"231",-6.68265162366211,-47.6425254123169,-9.43198692950133,0,0.114752835030973
"232",5.07234434079631,-6.66107318541089,13.5962603202367,0.0308860351553358,0.97169160509352
"233",-5.89574582065222,-36.5589466121963,-6.36070142390874,0,0.46353878134025
"234",0.453200599435554,-22.2088533984817,-3.95073436694475,0.066752896920392,0.596051729295448
"235",-2.33310695485009,-55.9317451868849,-0.0215793175499887,0.00819468472626163,0.0310843292246511
"236",-1.15958643254918,-10.4394685546574,6.59915978687925,0,0.855932151357289
"237",4.16400705652816,-7.00452247160349,9.45662611303803,0.114605780763685,0.946340463036856
"238",3.76165600255426,-3.91846519978895,12.6623840920772,0.0308860351553358,0.960591599836852
"239",-5.08024292715643,-27.3717805373517,-4.13573957559715,0,0.492076189969496
"240",-6.27682372536287,-42.5980431827241,-6.15482714279137,0,0.384937459005317
"241",-0.129530259937297,-30.6461273906302,-2.97298107408299,0,0.480671178664965
"242",-1.67478376646149,-23.8416321407104,1.28823619389688,0,0.710635556027487
"243",1.2868435890036,-19.0148308253646,-0.610783106302604,4.91666704344628e-06,0.876610670732211
"244",-4.64130369464316,-27.7810798327239,-10.7425542835459,0,0.58817393816296
"245",5.63736406577581,0.618872600783284,20.50349374211,0.0308860351553358,0.982959614028809
"246",-7.45506182727317,-49.8021907074776,-9.38436679026773,0,0.0102827407211961
"247",0.990289678275186,-20.4436269845926,0.668312788389289,0,0.810778169018473
"248",-3.86778033489344,-45.4944262835219,-5.01381028917311,0,0.0964283219746398
"249",13.6868597429113,6.19295709484584,24.5698975699026,0.114605780763685,0.993745761306476
"250",-2.61552062407503,-48.0176092861077,-11.0215524646732,0.00819468472626163,0.119982655238531
"251",-5.96307350952728,-47.5361406386298,-10.4388725163554,0.612030896361093,0.127448567329995
"252",-7.56807506076755,-34.5608051430482,-5.97820521057179,0,0.412309416151881
"253",1.94520896221459,-47.1274643377308,-5.82433373837647,1.40397683823761,0.00327659479908877
"254",7.53154884141535,-8.98872008940113,-0.904706822831728,0,0.816536191033842
"255",-2.98925544610098,-43.9170798955169,-3.32091563729521,0,0.000296883038644453
"256",-3.16592700818702,-44.2502905346398,-5.52236628718992,0.409920551378135,0.184709653657237
"257",2.7908160431394,-7.94515573863295,9.66384954627491,0.00819468472626163,0.908761800445276
"258",-5.01189039791889,-44.517348987511,-7.21341457945966,0.409920551378135,0.0560928331210655
"259",-0.476669938405333,-14.8621942028609,2.32004214265752,0,0.841603212125477
"260",-0.641377652057294,-37.2823126890324,-6.25540841807995,0.409920551378135,0.132218792350014
"261",-4.70363734985691,-28.3843499567493,-8.01142131695982,0,0.555839714838136
"262",-4.42803953505958,-49.3908305445096,-5.18116012328946,0.00819468472626163,0.0324991820757906
"263",-1.30298490561309,-42.3579793310373,-8.70679712778281,4.91666704344628e-06,0.0560718710948192
"264",0.511336398882008,-16.364627723073,5.11712081904948,0.173545700506605,0.841355715273848
"265",13.6105729092519,4.35497234885319,17.1995634774936,0.114605780763685,0.916265417861318
"266",-6.656706368384,-48.2228733170897,-11.1572306865977,0,0.0355668031327741
"267",-5.18672633558066,-25.4056205452424,-6.81803846892121,0,0.633780871489591
"268",-9.21367667779669,-51.1386961349191,-7.82404324896374,0,0.0493608741212763
"269",-7.50995248340454,-45.5064100081768,-3.34026781423533,0,0.219049765706435
"270",-7.01415203601185,-49.7239826362177,-10.7228104788601,0,0.095100902965767
"271",2.24657222093706,-9.95700247279878,10.3118554744056,0.612030896361093,0.945241097135171
"272",-4.04212208737374,-16.5613944904726,6.94084582958714,0.066752896920392,0.788032787160171
"273",-1.35248800326851,-11.9732624501601,3.74221351350723,4.91666704344628e-06,0.787314557573967
"274",6.30231216401053,0.445406229413535,16.6186221075121,0.114605780763685,0.966411664816278
"275",-3.70733711866446,-43.0470423443218,-8.24431188932603,0,0.0927898374917452
"276",-0.16626064158848,-15.3588465015953,0.183364595830668,4.91666704344628e-06,0.814066679186789
"277",-8.72165926414284,-35.9402916293952,-5.60728895369892,4.91666704344628e-06,0.424290921199461
"278",-0.144624557671115,-51.1262231774011,-10.4940012227645,4.91666704344628e-06,0.00378273462428686
"279",7.00853896084845,-7.22688729688637,7.17817622350125,0.00819468472626163,0.918206436262551
"280",1.52800703778339,-14.9300823459035,-2.69198260263428,0,0.764487137000027
"281",2.6481697081166,-16.7465562172963,1.19078987574434,0,0.710551917265291
"282",-1.92492934322513,-32.3860495672905,-7.26750614163784,0,0.582395335685254
"283",9.74190750156674,1.47029581857291,20.8749278962526,0.066752896920392,0.911290912496783
"284",-7.98885329124417,-46.408830241462,-8.75843257102045,0,0.0942850035416637
"285",-0.25969415992045,-46.1411082656229,-5.34966705022922,0,0.0786207561704088
"286",9.9624276057868,-1.30624667499109,20.8154156131384,0.066752896920392,0.989169451108893
"287",0.365734185900237,-46.8060868847554,-5.83675437392689,0,0.00762659241393941
"288",1.78267423819506,-53.6917583152433,-5.5505229323647,0.00819468472626163,0.00544482533632663
"289",-3.56434093153724,-43.2330216635245,-10.8181108969169,4.91666704344628e-06,0.000445485120965401
"290",-5.25238374326511,-49.1154993347897,-10.3179256458748,0,0.0361572980220634
"291",-2.61749573381541,-40.6327608209781,-9.50800455542922,0,0.0817922608361501
"292",-7.30285885970713,-47.6582592665705,-7.93623313762251,0,0.00673195590953112
"293",1.11967392818357,-16.5357232045001,1.40349483352566,0,0.773849566117723
"294",8.19406802242328,1.62776987795986,17.1360779150854,0.066752896920392,0.965104340157535
"295",-8.30119615104093,-54.2028826403773,-8.76729578205123,4.91666704344628e-06,0.102329974726978
"296",-8.13935509358585,-43.3394367755021,-9.10421661960604,0.242813383263338,0.0485438001577497
"297",2.44248207845698,-48.3066997592121,-3.4079483408587,0.242813383263338,0.00680632172933124
"298",-4.57015128983645,-30.9372826582025,-7.10713141598037,0,0.470812195123672
"299",1.24372836262896,-12.2175934579082,9.38851512345522,0,0.907160237552257
"300",2.25774162693164,-12.7204586047816,7.5810163701551,0,0.880265680965035
"301",-4.0319856256997,-26.0282260881363,-6.96544359377131,0,0.616552835151037
"302",-5.54870272717357,-49.3279768550758,-5.53964667329986,0.409920551378135,0.0149851853151513
"303",-7.33122983605553,-54.9363976610104,-8.77249881991782,0,0.00252997698108287
"304",-8.65072898839006,-35.5202460265027,-15.5512813572196,0,0.434467161029902
"305",7.27854135857628,6.56878293459999,23.4013082023649,0.114605780763685,0.987232401826035
"306",-5.98396180383035,-44.3662036805131,-10.124788411147,0,0.0689166408517942
"307",1.90615537587708,-19.0869308523144,-2.52042693424867,0,0.671473331678551
"308",-1.2932131880351,-33.2491531176196,-2.2107329028524,0,0.530138189883332
"309",-2.73441872857596,-25.0064562399525,-5.23207882200626,0,0.667195538439643
"310",-3.1744879888838,-50.9612230764433,-5.75373873471819,0.242813383263338,0.0135908095809092
"311",3.13563452316885,-8.88997341033303,6.83924748817017,0,0.894514895078992
"312",-7.59988793818963,-31.7692347171435,-6.34655584727575,0,0.636540903027777
"313",-4.1054232686983,-28.0985141469385,-6.09299353054547,0,0.540033424644339
"314",-3.59436628861538,-29.8709198320317,-7.06726734205334,0,0.445034522310761
"315",-7.06034205810934,-40.4551969880808,-12.7923771888101,0,0.154878374603487
"316",-5.48668236047087,-50.1762477842633,-8.38104680927676,0,0.201985830160336
"317",-7.76040687936543,-34.1121837487083,-8.33015983552908,0,0.53438421960242
"318",-1.49394331811776,-17.0612982715688,-0.720986780191887,0,0.764098439052519
"319",-6.2526720554611,-45.5085967477513,-8.1572038999588,0.066752896920392,0.300726549457151
"320",-5.3122486065011,-29.2472215598172,-7.25992240721933,0.114605780763685,0.549526131689074
"321",-7.39496259329838,-36.0491741193587,-7.31881183203814,0,0.479545835132916
"322",-1.13040481486428,-31.4063692908378,-5.01810896355425,4.91666704344628e-06,0.335420483421533
"323",3.34871193867457,-20.0177609326149,-2.58986329856816,0,0.591277910226458
"324",4.88700724248081,-4.18048320783734,14.4323573313028,0.066752896920392,0.940779558882286
"325",-1.80954108703381,-22.6836013234189,-2.34335075675768,0,0.725319266232925
"326",-4.4260307346856,-47.9297003970002,-2.36007525877462,0,0.152002603670059
"327",6.75598497014779,-5.80173990736608,8.04530441870559,4.91666704344628e-06,0.828836597513982
"328",0.852783083587187,-12.1329104630262,6.99390120190081,0,0.936689039262191
"329",-1.86885898742858,-21.4539820406507,-2.05710350179916,0,0.755060264254965
"330",5.18186933770703,-4.4100802291182,20.4888974938194,0.0308860351553358,0.999941419103499
"331",7.91123286020211,-1.00143516605051,17.0439009893067,0.846360595750931,0.982773308939473
"332",-8.70638835824759,-36.771507583903,-7.63805855362085,0.506795107112065,0.319205059219837
"333",-0.183664653135839,-9.08579260021558,11.0535948131011,0,0.969277726954953
"334",-3.0744546027525,-23.2945772311604,-0.628897984832831,0,0.666790876262809
"335",-6.76391064426006,-45.0201602608656,-3.7935763420557,0,0.351284187743897
"336",-5.20768707136761,-43.7619783150288,-10.1579852419281,0,0.141907180562725
"337",-0.749053782323081,-10.950558618926,5.51820480886878,0,0.864481271686538
"338",5.68344655947349,-3.0058702268044,16.039545352769,4.91666704344628e-06,0.956545600078602
"339",-4.64259071797085,-48.1102236780456,-11.5585997211347,0.242813383263338,0.0470458723944695
"340",-5.50497297280652,-47.4404623227358,-12.4095293331726,0,0.127716613719566
"341",-6.27140514297305,-36.7126327166333,-7.14650904188116,0,0.443684511199559
"342",-7.6984738129026,-37.2909359608016,-11.3893078374294,0,0.445793262261673
"343",-3.20991084660619,-43.3785511076719,-11.9963692597069,4.91666704344628e-06,0.155663257284551
"344",-2.594544247185,-33.7968806653289,-3.55073912320547,0.242813383263338,0.243196581338383
"345",-1.74480463400043,-45.4348209044012,-3.53738758252149,0.72531031560872,0.0213696733279942
"346",-4.66755105460912,-42.0244057266666,-15.327123242172,0,0.103555356919377
"347",4.00362904844469,-10.5786118709291,6.23918464874536,0.173545700506605,0.764344164736846
"348",-4.81608662925066,-37.4590142435662,-7.6659982084505,0,0.29405351740964
"349",0.67445913476223,-9.3291867751575,14.1951865318976,4.91666704344628e-06,0.9761382070911
"350",-4.66617266162741,-45.2982207407376,-3.34590562151302,0.173545700506605,0.102028853863166
"351",6.51671912730876,-3.29881673087016,16.1473581895196,0.066752896920392,0.921119892482368
"352",-0.149353749331254,-16.7161898834186,0.589905968400353,0,0.856901706831931
"353",-9.27031881749207,-53.9678672265672,-11.2463974642176,0,0.00528194967780138
"354",-8.44081888832724,-40.934163590706,-9.19868600612031,0,0.37626258842372
"355",6.22354127261774,-5.88428306341471,16.5417723004123,0.114605780763685,0.927712717832965
"356",-4.13826143699283,-47.6663646002359,-6.20552697070231,0,0.00315204907606471
"357",-6.80897990054214,-39.7995571716221,-11.725299320084,0,0.147105394916759
"358",-8.89078279037356,-45.3771074977623,-11.7196381652734,0,0.249811525017472
"359",-5.43381854368755,-31.868653792627,-6.5368910652812,0,0.254713457878659
"360",0.0460589906029369,-21.6139521880681,-4.14512717628148,0,0.556862686400968
"361",-5.63591855214215,-56.1240431120237,-5.30127777052073,4.91666704344628e-06,0.000737868068267286
"362",2.95534415028548,-8.39106131711518,7.75949973052215,0.00819468472626163,0.820622860766542
"363",-10.1644030475933,-40.6699881593748,-10.3168003261912,0,0.204338072619632
"364",7.81814810545623,-2.76701699462867,16.6925651616139,0.00819468472626163,0.991687558816394
"365",-5.7464862793176,-33.2155372704233,-3.23032635533743,0.321779830544484,0.429235083996338
"366",-1.27745937903138,-45.1320304042617,-1.60185355669306,0.242813383263338,0.107162503368077
"367",1.81640804506815,-18.9254226162312,-0.501701750547128,0,0.820840526910071
"368",3.90660259296279,-2.97484051064863,6.06490780915049,0.066752896920392,0.80554422383952
"369",-6.35550007915425,-35.3727574398086,-12.5361580465723,0,0.168793458149685
"370",-0.612716805075046,-52.1487782804245,-9.10568857889277,4.91666704344628e-06,0.00738539684553726
"371",-5.27731150349226,-39.93943332536,-7.25669879834843,0,0.500585987031409
"372",-8.41533547547711,-35.6493684393865,-7.82825182587209,0,0.60691788070728
"373",-4.35517454579588,-30.4481578682329,-6.08495006890946,0,0.527548561691111
"374",-4.03747876572685,-25.3220065288566,-5.0442136643274,0,0.466837776632915
"375",-3.89901921838769,-36.3356800470501,-9.79621750840946,0,0.293933771020562
"376",-6.59195333681092,-33.0509551740744,-14.8189405945466,0,0.575944301742526
"377",-1.57370509308432,-25.8146289662512,-2.37754932154548,0,0.614940066769497
"378",-8.3451826437461,-48.6550164191729,-2.63277579461997,0,0.294810228739941
"379",-1.44845631544547,-23.472760949403,0.101768215094269,0,0.784515196445027
"380",-8.80200243750013,-45.9566793764836,-15.425699850289,0,0.242224257171704
"381",7.28639181169916,-1.40232786850629,16.054451026941,4.91666704344628e-06,0.947547425120432
"382",8.4044067733264,0.0999644755340512,17.4919170990268,0.066752896920392,0.993478150993946
"383",-5.00777407370008,-37.4121743358916,-7.09546923869756,0,0.256077351000585
"384",-6.72008730761704,-40.8595329292317,-9.12076043398739,0,0.163061338330975
"385",-4.83723641950773,-32.1360646408255,-8.19738517356582,0,0.347995743417961
"386",-2.25605972981891,-50.606433098783,-4.72211637374632,0,0.00206946211259138
"387",-5.40741538397789,-45.0950286750679,-6.68817755692583,0,0.00204563627657366
"388",-4.67187741222536,-45.9950761311827,-9.90221482339174,0,0.175839035696989
"389",-2.78036525942809,-27.688610910745,-4.12464528133421,0,0.580219640657109
"390",1.05615967500731,-8.87724791363592,5.49899782269836,4.91666704344628e-06,0.851979756924997
"391",2.37545010522464,-18.458381661862,2.06390979112448,4.91666704344628e-06,0.732384580575666
"392",-7.54575281912172,-36.0307014268415,-10.1872901554501,0,0.327152364529504
"393",-8.65696334115686,-35.2271579934498,-8.19003325966479,0,0.589616672632649
"394",-5.1075414098778,-31.9525463315458,-11.4673879650974,0,0.411896844768898
"395",-5.28438329237432,-48.7020178222538,-19.1148227286003,0.114605780763685,0.0979063959770115
"396",2.82268657330592,-5.86554533333536,6.86191608719413,0,0.922040009690653
"397",-8.20751900625546,-43.7919648922313,-10.6266044612761,0,0.222661467036837
"398",-5.76315558951184,-31.8759249277129,-9.48118797728031,0,0.574961735403226
"399",7.06887824160698,1.67857915592667,20.9452296680177,0.173545700506605,0.999307554468491
"400",3.51163672913939,-6.55129255631116,9.3063724947484,0,0.897254366548284
"401",-6.12367948566779,-31.2329420282524,-4.3554628807262,0.0308860351553358,0.490365120627575
"402",-5.81603394136056,-41.5905107785379,-9.01014521326803,0,0.205171360199171
"403",6.78811772956175,1.06120973026383,14.9785618348664,0.0308860351553358,0.91266165924032
"404",-1.26306176710893,-37.9572361347807,-4.36749669184642,0,0.201417246431719
"405",-2.30175275992189,-23.6722846311579,-2.76028535099651,0.242813383263338,0.512778589268331
"406",-1.56925956119349,-16.8874255230387,1.47395322486472,0,0.833598842106204
"407",-4.10717032939213,-43.5127362136928,-10.2788257493336,0,0.155251380413366
"408",-3.12169395522259,-24.6754119245556,-3.05064445660996,0,0.638641886235867
"409",-0.519238353159221,-15.5435621324954,-1.65347199464648,0,0.787857253321251
"410",-7.57450373044784,-51.6582764584654,-9.45370276698837,0,0.0345667026798195
"411",3.85743268715119,0.4991157211577,19.7725549288854,0.242813383263338,0.995640799920699
"412",1.1278952099297,-14.6297520176763,1.67306809015148,0,0.804651444623051
"413",-0.92392490253701,-14.5984753593894,2.85235037608549,0,0.796496315938044
"414",-4.23151443251526,-36.6954323621376,-7.12160290582485,0,0.362994292468914
"415",-6.13154814140427,-34.8468932995367,-6.30064733082969,0,0.20811762903963
"416",-4.75208710978465,-50.0298535831381,-5.46561734231252,0,0.108908021193425
"417",9.96099976215809,-3.40877219657885,21.7264805183065,0.00819468472626163,0.99946996221932
"418",8.39684062910184,0.136334621958028,16.3393265385523,0.612030896361093,0.956009442896841
"419",-7.00379104732135,-39.979334743281,-8.78277033843361,1.11086017839744,0.246402860560173
"420",-7.82233590518432,-50.805558480144,-12.1348857274194,4.91666704344628e-06,0.0942060624159743
"421",1.22621457787501,-6.57279171651033,15.3057526882488,0.114605780763685,0.958831656173974
"422",-7.18940069593006,-48.1260007731587,-5.95895885084105,0,0.00454932362008559
"423",-4.63382758388596,-38.7695769520837,-9.18372600705263,0,0.22229360267041
"424",-1.96362224034446,-38.0326190963197,-4.44021665538348,4.91666704344628e-06,0.235784469706232
"425",-6.09951538661012,-46.9010490801687,-12.1347386106531,0.00819468472626163,0.205236080883474
"426",-1.40601299556969,-19.3676754900405,-1.38380241783922,0,0.760508920544375
"427",-2.42757767961803,-29.6612212644623,-6.06951940610146,0,0.41411235207224
"428",1.74166962831008,-16.4542884282336,1.94390229193941,0,0.768080831414126
"429",4.85533251389767,-4.75865704820787,14.3988633392307,0.00819468472626163,0.918971240222042
"430",-1.56154546233593,-26.7950362298076,-5.97563316634248,0,0.507697819880792
"431",-9.25720594209547,-52.45122967659,-11.7069099642896,0,0.165586645240823
"432",-7.63126196621057,-28.8797169879015,-2.63351870781595,0,0.481424351246799
"433",-5.80496500258768,-46.7984988051166,-4.63965455303658,0,0.138944688723163
"434",-4.79053778545831,-26.1042115863565,-5.13522554592199,0.114605780763685,0.694829692674612
"435",-2.39959736783683,-30.911266061319,-8.16626038274819,0,0.476666520004071
"436",4.54686148765395,-12.5847546723172,4.5387174172477,0.00819468472626163,0.807276224981273
"437",-7.70085586688146,-39.8363682827467,-9.97158133196569,0,0.272222218317274
"438",6.09292026423826,-3.25326602913232,13.4111290571281,4.91666704344628e-06,0.846750393676833
"439",9.14650059161674,7.71552544437115,20.7244361394435,2.44413296536565,0.982431951828077
"440",11.236997522669,3.20259562319036,24.5420233520924,0.72531031560872,0.99310758217651
"441",-3.22974983523101,-27.2295180762943,-4.00817535003892,0.321779830544484,0.564858284556811
"442",7.25424959382153,2.52642213888026,13.3133282804651,4.91666704344628e-06,0.936837536324622
"443",-5.74870760151344,-33.9769161393698,-9.65864000952839,0,0.30229145266047
"444",-7.56179535478758,-48.6799835674644,-5.31971526285632,0,0.233394772907666
"445",7.34968119653778,2.9364110128892,19.7224390155207,0.0308860351553358,0.978393320376886
"446",-3.0447863091349,-23.8910026330448,-0.712764711609915,0,0.666541730514075
"447",3.76536096019396,-14.569885633795,2.49671677302561,0,0.752808881461174
"448",-6.3221887688782,-36.4351104570414,-12.1427710707451,0.066752896920392,0.189365180790311
"449",0.217605617704876,-47.4879254034507,-12.105051824353,0.00819468472626163,0.0921464293511157
"450",-9.91977610254359,-49.5611014900935,-7.97396849776439,0,0.198782673747305
"451",-7.04664641128691,-40.26428761283,-9.32511316301467,0.114605780763685,0.202848102810172
"452",-1.0078510774187,-48.5805166765804,-9.43039081701726,0,0.0723436390830475
"453",-7.81533716082758,-50.311709864939,-8.49487729265245,0,0.0868114809024915
"454",-9.25884724012939,-51.4358507464735,-5.22022172818399,0,0.119936144512611
"455",5.59594331226713,1.91408514590871,15.4634641664493,0.066752896920392,0.979994165162874
"456",-5.18002583090402,-43.9533004255465,-10.6966311525278,0,0.336239812886774
"457",1.32205168230206,-17.7975069194437,-4.48981341779076,0,0.676039506285112
"458",-0.660200979790986,-47.6677161296254,-8.5797580502355,0.0308860351553358,0.0644769013956453
"459",10.2878192560546,-0.928754906870211,15.5063057406054,0.0308860351553358,0.993357419247451
"460",5.21801970916518,-6.87751614274254,9.45538887101097,0,0.857938903356003
"461",-5.95664886644377,-30.160199479541,-8.85270043463432,0,0.466155393033183
"462",-4.52129839390648,-40.0365355086446,-6.80052137674967,0,0.274014659150283
"463",-2.1209823151112,-22.0950061486816,-2.33587765990498,0.612030896361093,0.677011709796434
"464",-8.58765436406594,-50.8438462297611,-7.49659184207656,0,0.0996932961349293
"465",-2.64815799583156,-34.8810174707695,-7.15914072232296,0,0.391361840688602
"466",-3.03140417210255,-18.5656797843572,-0.371987892523339,0,0.815894095673866
"467",-8.9177321813071,-33.3129954855762,-8.29151019228639,0,0.40580994883377
"468",3.81030091164691,-4.05823018005434,18.4906987600531,0.00819468472626163,0.976191286995187
"469",-8.51569971198801,-52.1888566030797,-9.98042200739117,0,0.0108158183339365
"470",-3.45981632411305,-29.8779912810716,-6.86001763015746,0.00819468472626163,0.420084167907336
"471",-3.85222118550717,-30.4026201899005,-7.95312141609311,0,0.618334642212794
"472",-0.470441849627257,-24.4876513793862,-1.87305209849612,0,0.583346481821208
"473",-2.3728849570486,-53.8061308381505,-1.2081482833961,0,0.0767431885800681
"474",1.00062369088555,-13.378003451316,-1.32431180993345,0,0.871280455014463
"475",-5.44739170874632,-46.8452659251292,-15.4529244140916,0.0308860351553358,0.0132198706228172
"476",-0.51916805820052,-12.2854394926965,8.4607862153767,0,0.892380848128565
"477",8.75591517169066,-2.72271715637168,20.0997075466805,0.0308860351553358,0.980171017953842
"478",-6.84921607031706,-36.6452315927736,-9.15129510563806,0,0.372175341042908
"479",-4.33836223371168,-52.0662228678596,-2.60034658705508,0,0.0521286514418877
"480",-2.65496897628274,-51.4514906488844,-8.09516918698703,0,0.0697026594418237
"481",1.80667900606689,-10.0633912530606,1.76674580932054,0.00819468472626163,0.918302230062303
"482",-0.964848568423236,-17.5122923169785,-2.1961017278442,0.409920551378135,0.707860427469194
"483",-4.35312853890879,-45.8638397348675,-10.4383877726445,0.321779830544484,0.228644855897812
"484",-5.91028574649477,-29.4869595771405,-3.64387152451114,0,0.576914525169931
"485",-7.39006524195702,-41.5687453515933,-13.3264457806669,0,0.131704491881107
"486",4.58056462231656,-23.2231696471779,-5.52273189818121,0,0.51942146774763
"487",2.37387380094593,-8.36744628538599,11.6973716328015,0.0308860351553358,0.888600652963867
"488",-5.88962539316522,-47.6745960202058,-10.6265973841895,0,0.113566920337482
"489",-2.17833359026349,-41.9620626110149,-9.72786068773057,0,0.278810806431823
"490",-4.99668863558728,-46.6612794394369,-4.34533815161699,0,0.150060827963873
"491",-5.41554330111921,-43.2932875067903,-11.0322195181576,0.72531031560872,0.0338056351192306
"492",-4.41121804548037,-43.2741556749288,-8.49761225747626,0.0308860351553358,0.254523994499547
"493",-5.56005588942175,-51.5306446760035,-14.1999453853038,0,0.000211956258407567
"494",-4.0432202895443,-29.6635185755781,-7.41981807603314,0,0.562799821364361
"495",-5.20764574741924,-44.4816439670801,-8.45905689738052,0.00819468472626163,0.0453029873338185
"496",-6.40311534142734,-30.9670020758968,-5.81042471832879,0,0.532651124026961
"497",-4.45724059158939,-30.1080315307134,-6.09954295480695,0,0.550246327313202
"498",-3.13752916503645,-27.6146208097906,-6.00938521743489,0,0.543970593672221
"499",0.578724193091233,-12.2607618703911,3.86866282646478,0,0.891221007521243
"500",-1.91234488774872,-17.7609232911458,2.67779667939052,0.321779830544484,0.671768133716127
